JADWAL PERKULIAHAN SEMESTER GENAP PRODI TEKNOLOGI INFORMASI UMY 2025/2026,,,,,,,,,,,,,
SESI,JAM,SENIN,,,,,,,,,,,
,,RKBesar/F6.001,F6.002,F6.003,F6.004,F6.101,F6.102,F6.103,F6.202,F6.203,F4.001,F4.002,F4.003
Sesi 1,07.00 - 07.50,,,,TI401 ( F ),,,,,,,,
,,,,,Pengembangan Desain Web,,,,,,,,
,,,,,Dosen : AS,,,,,,,,
,07.50 - 08.40,,,,TI401 ( F ),,,,,,,,
,,,,,Pengembangan Desain Web,,,,,,,,
,,,,,Dosen : AS,,,,,,,,
,08.40 - 08.50,Pergantian Sesi,,,,,,,,,,,
Sesi 2,08.50 - 09.40,"TI201 ( D,E )",TI203 ( A ),AS,TI401 ( F ),TI404 ( C ),,,,,TIDA04 ( A ),TI406 ( A ),TI603 ( B )
,,Matematika Teknologi Informasi 2,Pemrograman Dasar,,Pengembangan Desain Web,Keamanan Siber,,,,,Basis Data Awan,Pengujian dan Penjaminan Mutu Perangkat Lunak,Deployment Perangkat Lunak
,,Dosen : AG,Dosen : HS,,Dosen : AS,Dosen : HQ,,,,,Dosen : TA,Dosen : CO,Dosen : DP
,09.40 - 10.30,"TI201 ( D,E )",TI203 ( A ),AS,TI401 ( E ),TI404 ( C ),,,,,TIDA04 ( A ),TI406 ( A ),TI603 ( B )
,,Matematika Teknologi Informasi 2,Pemrograman Dasar,,Pengembangan Desain Web,Keamanan Siber,,,,,Basis Data Awan,Pengujian dan Penjaminan Mutu Perangkat Lunak,Deployment Perangkat Lunak
,,Dosen : AG,Dosen : HS,,Dosen : AS,Dosen : HQ,,,,,Dosen : TA,Dosen : CO,Dosen : DP
,10.30 - 10.40,Pergantian Sesi,,,,,,,,,,,
Sesi 3,10.40 - 11.30,"TI201 ( D,E )",TI203 ( A ),AS,TI401 ( E ),TI404 ( C ),,,,,TIDA04 ( A ),TI406 ( A ),TI603 ( B )
,,Matematika Teknologi Informasi 2,Pemrograman Dasar,,Pengembangan Desain Web,Keamanan Siber,,,,,Basis Data Awan,Pengujian dan Penjaminan Mutu Perangkat Lunak,Deployment Perangkat Lunak
,,Dosen : AG,Dosen : HS,,Dosen : AS,Dosen : HQ,,,,,Dosen : TA,Dosen : CO,Dosen : DP
11.30 - 12.20,,Istirahat/Dzuhur/Pergantian Sesi Perkuliahan,,,,,,,,,,,
Sesi 4,12.10 - 13.10,,,,TI401 ( E ),,,,,,,,
,,,,,Pengembangan Desain Web,,,,,,,,
,,,,,Dosen : AS,,,,,,,,
,13.10 - 13.20,Pergantian sesi,,,,,,,,,,,
Sesi 5,13.20 - 14.10,"TI405 ( A,B,C )",TI203 ( D ),,,TI404 ( D ),,,,,TI406 ( F ),TI205 ( E ),TI603 ( C )
,,Interaksi Manusia Komputer,Pemrograman Dasar,,,Keamanan Siber,,,,,Pengujian dan Penjaminan Mutu Perangkat Lunak,Dasar Jaringan,Deployment Perangkat Lunak
,,Dosen : RG/AG/WS,Dosen : HS,,,Dosen : HQ,,,,,Dosen : TA,Dosen : NA,Dosen : DP
,14.10 - 15.00,"TI405 ( A,B,C )",TI203 ( D ),,,TI404 ( D ),,,,,TI406 ( F ),TI205 ( E ),TI603 ( C )
,,Interaksi Manusia Komputer,Pemrograman Dasar,,,Keamanan Siber,,,,,Pengujian dan Penjaminan Mutu Perangkat Lunak,Dasar Jaringan,Deployment Perangkat Lunak
,,Dosen : RG/AG/WS,Dosen : HS,,,Dosen : HQ,,,,,Dosen : TA,Dosen : NA,Dosen : DP
,15.00 - 15.30,Istirahat/Ashar/Pergantian Sesi Perkuliahan,,,,,,,,,,,
Sesi 6,15.30 - 16.20,"TI604 ( A, B )",TI203 ( D ),,,TI404 ( D ),,,,,TI406 ( F ),TI205 ( E ),TI603 ( C )
,,Metode Penelitian,Pemrograman Dasar,,,Keamanan Siber,,,,,Pengujian dan Penjaminan Mutu Perangkat Lunak,Dasar Jaringan,Deployment Perangkat Lunak
,,Dosen : SR,Dosen : HS,,,Dosen : HQ,,,,,Dosen : TA,Dosen : NA,Dosen : DP
,16.20 - 17.10,"TI604 ( A, B )",TI203 ( E ),,,,,,,,,TI205 ( C ),
,,Metode Penelitian,Pemrograman Dasar,,,,,,,,,Dasar Jaringan,
,,Dosen : SR,Dosen : HS,,,,,,,,,Dosen : NA,
,17.10 - 18.00,,TI203 ( E ),,,,,,,,,TI205 ( C ),
,,,Pemrograman Dasar,,,,,,,,,Dasar Jaringan,
,,,Dosen : HS,,,,,,,,,Dosen : NA,
17.45 - 18.30,,Istirahat/Maghrib/Pergantian Sesi Perkuliahan,,,,,,,,,,,
Sesi 7,18.30 - 19.20,,TI203 ( E ),,,,,,,,,TI205 ( C ),
,,,Pemrograman Dasar,,,,,,,,,Dasar Jaringan,
,,,Dosen : HS,,,,,,,,,Dosen : NA,
,19.20 - 20.10,,,,,,,,,,,,
,,,,,,,,,,,,,
,,,,,,,,,,,,,
,20.10 - 21.00,,,,,,,,,,,,
,,,,,,,,,,,,,
,,,,,,,,,,,,,
SESI,JAM,SELASA,,,,,,,,,,,
,,RKBesar/F6.001,F6.002,F6.003,F6.004,F6.101,F6.102,F6.103,F6.202,F6.203,F4.001,F4.002,F4.003
Sesi 1,07.00 - 07.50,,,,,,,,AS,,,,
,,,,,,,,,,,,,
,,,,,,,,,,,,,
,07.50 - 08.40,,,,,,,,AS,,,,
,,,,,,,,,,,,,
,,,,,,,,,,,,,
,08.40 - 08.50,Pergantian Sesi,,,,,,,,,,,
Sesi 2,08.50 - 09.40,"TI201 ( A,B,C )",TI202 ( E ),TI402 ( F ),TI403 ( C ),TIUX05 ( A ),TIDA04 ( B ),TI404 ( A ),AS,,TI203 ( F ),TI406 ( E ),TI603 ( D )
,,Matematika Teknologi Informasi 2,Algoritma dan Struktur Data,Pengembangan Aplikasi Basis Data,Routing dan Keamanan Jaringan,Evaluasi Pengguna,Basis Data Awan,Keamanan Siber,,,Pemrograman Dasar,Pengujian dan Penjaminan Mutu Perangkat Lunak,Deployment Perangkat Lunak
,,Dosen : AG,Dosen : HS,Dosen : AK,Dosen : EP,Dosen : RG/WS,Dosen : TA,Dosen : CD,,,Dosen : HQ,Dosen : CO,Dosen : DP
,09.40 - 10.30,"TI201 ( A,B,C )",TI202 ( E ),TI402 ( F ),TI403 ( C ),TIUX05 ( A ),TIDA04 ( B ),TI404 ( A ),AS,,TI203 ( F ),TI406 ( E ),TI603 ( D )
,,Matematika Teknologi Informasi 2,Algoritma dan Struktur Data,Pengembangan Aplikasi Basis Data,Routing dan Keamanan Jaringan,Evaluasi Pengguna,Basis Data Awan,Keamanan Siber,,,Pemrograman Dasar,Pengujian dan Penjaminan Mutu Perangkat Lunak,Deployment Perangkat Lunak
,,Dosen : AG,Dosen : HS,Dosen : AK,Dosen : EP,Dosen : RG/WS,Dosen : TA,Dosen : CD,,,Dosen : HQ,Dosen : CO,Dosen : DP
,10.30 - 10.40,Pergantian Sesi,,,,,,,,,,,
Sesi 3,10.40 - 11.30,"TI201 ( A,B,C )",TI202 ( E ),TI402 ( F ),TI403 ( C ),TIUX05 ( A ),TIDA04 ( B ),TI404 ( A ),AS,,TI203 ( F ),TI406 ( E ),TI603 ( D )
,,Matematika Teknologi Informasi 2,Algoritma dan Struktur Data,Pengembangan Aplikasi Basis Data,Routing dan Keamanan Jaringan,Evaluasi Pengguna,Basis Data Awan,Keamanan Siber,,,Pemrograman Dasar,Pengujian dan Penjaminan Mutu Perangkat Lunak,Deployment Perangkat Lunak
,,Dosen : AG,Dosen : HS,Dosen : AK,Dosen : EP,Dosen : RG/WS,Dosen : TA,Dosen : CD,,,Dosen : HQ,Dosen : CO,Dosen : DP
11.30 - 12.20,,Istirahat/Dzuhur/Pergantian Sesi Perkuliahan,,,,,,,,,,,
Sesi 4,12.10 - 13.10,,,,,,,,,,,,
,,,,,,,,,,,,,
,,,,,,,,,,,,,
,13.10 - 13.20,Pergantian sesi,,,,,,,,,,,
Sesi 5,13.20 - 14.10,"TI405 ( D,E,F)",TI203 ( B ),TI204 ( C ),TI403 ( B ),,TI401 ( C ),TIPR05 ( A ),TW,,TI202 ( F ),,TI603 ( A )
,,Interaksi Manusia Komputer,Pemrograman Dasar,Administrasi Basis Data,Routing dan Keamanan Jaringan,,Pengembangan Desain Web,Pemrograman Internet of Things,,,Algoritma dan Struktur Data,,Deployment Perangkat Lunak
,,Dosen : RG/AG/WS,Dosen : HS,Dosen : AK,Dosen : EP,,Dosen : AS,Dosen : CD/WS,,,Dosen : HQ,,Dosen : DP
,14.10 - 15.00,"TI405 ( D,E,F)",TI203 ( B ),TI204 ( C ),TI403 ( B ),,TI401 ( C ),TIPR05 ( A ),TW,,TI202 ( F ),,TI603 ( A )
,,Interaksi Manusia Komputer,Pemrograman Dasar,Administrasi Basis Data,Routing dan Keamanan Jaringan,,Pengembangan Desain Web,Pemrograman Internet of Things,,,Algoritma dan Struktur Data,,Deployment Perangkat Lunak
,,Dosen : RG/AG/WS,Dosen : HS,Dosen : AK,Dosen : EP,,Dosen : AS,Dosen : CD/WS,,,Dosen : HQ,,Dosen : DP
,15.00 - 15.30,Istirahat/Ashar/Pergantian Sesi Perkuliahan,,,,,,,,,,,
Sesi 6,15.30 - 16.20,,TI203 ( B ),TI204 ( C ),TI403 ( B ),,TI401 ( C ),TIPR05 ( A ),,,TI202 ( F ),,TI603 ( A )
,,,Pemrograman Dasar,Administrasi Basis Data,Routing dan Keamanan Jaringan,,Pengembangan Desain Web,Pemrograman Internet of Things,,,Algoritma dan Struktur Data,,Deployment Perangkat Lunak
,,,Dosen : HS,Dosen : AK,Dosen : EP,,Dosen : AS,Dosen : CD/WS,,,Dosen : HQ,,Dosen : DP
,16.20 - 17.10,"TI604 ( C, D, E )",TI203 ( C ),TI204 ( A ),,,,,,,,TI403 ( F ),
,,Metode Penelitian,Pemrograman Dasar,Administrasi Basis Data,,,,,,,,Routing dan Keamanan Jaringan,
,,Dosen : SR,Dosen : HS,Dosen : AK,,,,,,,,Dosen : EP,
,17.10 - 18.00,"TI604 ( C, D, E )",TI203 ( C ),TI204 ( A ),,,,,,,,TI403 ( F ),
,,Metode Penelitian,Pemrograman Dasar,Administrasi Basis Data,,,,,,,,Routing dan Keamanan Jaringan,
,,Dosen : SR,Dosen : HS,Dosen : AK,,,,,,,,Dosen : EP,
17.45 - 18.30,,Istirahat/Maghrib/Pergantian Sesi Perkuliahan,,,,,,,,,,,
Sesi 7,18.30 - 19.20,,TI203 ( C ),TI204 ( A ),,,,,,,,TI403 ( F ),
,,,Pemrograman Dasar,Administrasi Basis Data,,,,,,,,Routing dan Keamanan Jaringan,
,,,Dosen : HS,Dosen : AK,,,,,,,,Dosen : EP,
,19.20 - 20.10,,,,,,,,,,,,
,,,,,,,,,,,,,
,,,,,,,,,,,,,
,20.10 - 21.00,,,,,,,,,,,,
,,,,,,,,,,,,,
,,,,,,,,,,,,,
,,,,,,,,,,,,,
SESI,JAM,RABU,,,,,,,,,,,
,,RKBesar/F6.001,F6.002,F6.003,F6.004,F6.101,F6.102,F6.103,F6.202,F6.203,F4.001,F4.002,F4.003
Sesi 1,07.00 - 07.50,"TI209 ( C, D )","TI209 ( A, B )",,,,,,,,,,
,,Praktik Profesional,Praktik Profesional,,,,,,,,,,
,,Dosen : CO,Dosen : CO,,,,,,,,,,
,07.50 - 08.40,"TI209 ( C, D )","TI209 ( A, B )",,,,,,,,,,
,,Praktik Profesional,Praktik Profesional,,,,,,,,,,
,,Dosen : CO,Dosen : CO,,,,,,,,,,
,08.40 - 08.50,Pergantian Sesi,,,,,,,,,,,
Sesi 2,08.50 - 09.40,TI406 ( D ),,TIUX03 ( B ),TI204 ( B ),,,TI404 ( B ),,,TI603 ( E ),TI403 ( A ),TIDA02 ( B )
,,Pengujian dan Penjaminan Mutu Perangkat Lunak,,Aplikasi Multimedia,Administrasi Basis Data,,,Keamanan Siber,,,Deployment Perangkat Lunak,Routing dan Keamanan Jaringan,Kecerdasan Buatan Terapan
,,Dosen : CO,,Dosen : RG,Dosen : AK,,,Dosen : CD,,,Dosen : DP,Dosen : EP,Dosen : AG
,09.40 - 10.30,TI406 ( D ),,TIUX03 ( B ),TI204 ( B ),,,TI404 ( B ),TI208 ( C ),,TI603 ( E ),TI403 ( A ),TIDA02 ( B )
,,Pengujian dan Penjaminan Mutu Perangkat Lunak,,Aplikasi Multimedia,Administrasi Basis Data,,,Keamanan Siber,Bahasa Inggris Menengah,,Deployment Perangkat Lunak,Routing dan Keamanan Jaringan,Kecerdasan Buatan Terapan
,,Dosen : CO,,Dosen : RG,Dosen : AK,,,Dosen : CD,Dosen : TIM,,Dosen : DP,Dosen : EP,Dosen : AG
,10.30 - 10.40,Pergantian Sesi,,,,,,,,,,,
Sesi 3,10.40 - 11.30,TI406 ( D ),,TIUX03 ( B ),TI204 ( B ),,,TI404 ( B ),TI208 ( C ),,TI603 ( E ),TI403 ( A ),TIDA02 ( B )
,,Pengujian dan Penjaminan Mutu Perangkat Lunak,,Aplikasi Multimedia,Administrasi Basis Data,,,Keamanan Siber,Bahasa Inggris Menengah,,Deployment Perangkat Lunak,Routing dan Keamanan Jaringan,Kecerdasan Buatan Terapan
,,Dosen : CO,,Dosen : RG,Dosen : AK,,,Dosen : CD,Dosen : TIM,,Dosen : DP,Dosen : EP,Dosen : AG
11.30 - 12.20,,Istirahat/Dzuhur/Pergantian Sesi Perkuliahan,,,,,,,,,,,
Sesi 4,12.10 - 13.10,,,,,,,,,,,,
,,,,,,,,,,,,,
,,,,,,,,,,,,,
,13.10 - 13.20,Pergantian sesi,,,,,,,,,,,
Sesi 5,13.20 - 14.10,,TI205 ( B ),TIUX03 ( A ),,,TI401 ( A ),TI404 ( F ),TW,,TIDA05 ( A ),TI403 ( D ),TI204 ( E )
,,,Dasar Jaringan,Aplikasi Multimedia,,,Pengembangan Desain Web,Keamanan Siber,,,P. Pusat Data,Routing dan Keamanan Jaringan,Administrasi Basis Data
,,,Dosen: NA,Dosen : RG,,,Dosen : AS,Dosen : CD,,,Dosen : DP,Dosen : EP,Dosen : AK
,14.10 - 15.00,,TI205 ( B ),TIUX03 ( A ),,,TI401 ( A ),TI404 ( F ),TW,,TIDA05 ( A ),TI403 ( D ),TI204 ( E )
,,,Dasar Jaringan,Aplikasi Multimedia,,,Pengembangan Desain Web,Keamanan Siber,,,P. Pusat Data,Routing dan Keamanan Jaringan,Administrasi Basis Data
,,,Dosen: NA,Dosen : RG,,,Dosen : AS,Dosen : CD,,,Dosen : DP,Dosen : EP,Dosen : AK
,15.00 - 15.30,Istirahat/Ashar/Pergantian Sesi Perkuliahan,,,,,,,,,,,
Sesi 6,15.30 - 16.20,,TI205 ( B ),TIUX03 ( A ),,,TI401 ( A ),TI404 ( F ),,,TIDA05 ( A ),TI403 ( D ),TI204 ( E )
,,,Dasar Jaringan,Aplikasi Multimedia,,,Pengembangan Desain Web,Keamanan Siber,,,P. Pusat Data,Routing dan Keamanan Jaringan,Administrasi Basis Data
,,,Dosen: NA,Dosen : RG,,,Dosen : AS,Dosen : CD,,,Dosen : DP,Dosen : EP,Dosen : AK
,16.20 - 17.10,,,,,,,,,,,TINE02 ( A ),TI204 ( D )
,,,,,,,,,,,,CyberOps,Administrasi Basis Data
,,,,,,,,,,,,Dosen : EP,Dosen : AK
,17.10 - 18.00,,,,,,,,,,,TINE02 ( A ),TI204 ( D )
,,,,,,,,,,,,CyberOps,Administrasi Basis Data
,,,,,,,,,,,,Dosen : EP,Dosen : AK
17.45 - 18.30,,Istirahat/Maghrib/Pergantian Sesi Perkuliahan,,,,,,,,,,,
Sesi 7,18.30 - 19.20,,,,,,,,,,,TINE02 ( A ),TI204 ( D )
,,,,,,,,,,,,CyberOps,Administrasi Basis Data
,,,,,,,,,,,,Dosen : EP,Dosen : AK
,19.20 - 20.10,,,,,,,,,,,,
,,,,,,,,,,,,,
,,,,,,,,,,,,,
,20.10 - 21.00,,,,,,,,,,,,
,,,,,,,,,,,,,
,,,,,,,,,,,,,
,,,,,,,,,,,,,
SESI,JAM,KAMIS,,,,,,,,,,,
,,RKBesar/F6.001,F6.002,F6.003,F6.004,F6.101,F6.102,F6.103,F6.202,F6.203,F4.001,F4.002,F4.003
Sesi 1,07.00 - 07.50,,,TI401 ( D ),,,,,,,,,
,,,,Pengembangan Desain Web,,,,,,,,,
,,,,Dosen : AS,,,,,,,,,
,07.50 - 08.40,,,TI401 ( D ),,,,,,,,,
,,,,Pengembangan Desain Web,,,,,,,,,
,,,,Dosen : AS,,,,,,,,,
,08.40 - 08.50,Pergantian Sesi,,,,,,,,,,,
Sesi 2,08.50 - 09.40,,TI202 ( C ),TI401 ( D ),TI402 ( A ),,,,TW,,TIUX05 ( B ),TI403 ( E),TIDA02 ( A )
,,,Algoritma dan Struktur Data,Pengembangan Desain Web,Pengembangan Aplikasi Basis Data,,,,,,Evaluasi Pengguna,Routing dan Keamanan Jaringan,Kecerdasan Buatan Terapan
,,,Dosen : HS,Dosen : AS,Dosen : AK,,,,,,Dosen : RG/WS,Dosen : EP,Dosen : SR/CO
,09.40 - 10.30,,TI202 ( C ),TI401 ( B ),TI402 ( A ),,,,TW,,TIUX05 ( B ),TI403 ( E),TIDA02 ( A )
,,,Algoritma dan Struktur Data,Pengembangan Desain Web,Pengembangan Aplikasi Basis Data,,,,,,Evaluasi Pengguna,Routing dan Keamanan Jaringan,Kecerdasan Buatan Terapan
,,,Dosen : HS,Dosen : AS,Dosen : AK,,,,,,Dosen : RG/WS,Dosen : EP,Dosen : SR/CO
,10.30 - 10.40,Pergantian Sesi,,,,,,,,,,,
Sesi 3,10.40 - 11.30,,TI202 ( C ),TI401 ( B ),TI402 ( A ),,,,TI208 ( A ),,TIUX05 ( B ),TI403 ( E),TIDA02 ( A )
,,,Algoritma dan Struktur Data,Pengembangan Desain Web,Pengembangan Aplikasi Basis Data,,,,Bahasa Inggris Menengah,,Evaluasi Pengguna,Routing dan Keamanan Jaringan,Kecerdasan Buatan Terapan
,,,Dosen : HS,Dosen : AS,Dosen : AK,,,,Dosen : TIM,,Dosen : RG/WS,Dosen : EP,Dosen : SR/CO
11.30 - 12.20,,Istirahat/Dzuhur/Pergantian Sesi Perkuliahan,,,,,,,,,,,
Sesi 4,12.10 - 13.10,,,TI401 ( B ),,,,,TI208 ( A ),,,,
,,,,Pengembangan Desain Web,,,,,Bahasa Inggris Menengah,,,,
,,,,Dosen : AS,,,,,Dosen : TIM,,,,
,13.10 - 13.20,Pergantian sesi,,,,,,,,,,,
Sesi 5,13.20 - 14.10,,,,TI402 ( B ),TI406 ( C ),,,TI208 ( B ),,TINE04 ( A ),TI202 ( A ),TI205 ( D )
,,,,,Pengembangan Aplikasi Basis Data,Pengujian dan Penjaminan Mutu Perangkat Lunak,,,Bahasa Inggris Menengah,,Programmable Infrastructure,Algoritma dan Struktur Data,Dasar Jaringan
,,,,,Dosen : AK,Dosen : CO,,,Dosen : TIM,,Dosen : EP,Dosen : HS,Dosen: NA
,14.10 - 15.00,,,,TI402 ( B ),TI406 ( C ),,,TI208 ( B ),,TINE04 ( A ),TI202 ( A ),TI205 ( D )
,,,,,Pengembangan Aplikasi Basis Data,Pengujian dan Penjaminan Mutu Perangkat Lunak,,,Bahasa Inggris Menengah,,Programmable Infrastructure,Algoritma dan Struktur Data,Dasar Jaringan
,,,,,Dosen : AK,Dosen : CO,,,Dosen : TIM,,Dosen : EP,Dosen : HS,Dosen: NA
,15.00 - 15.30,Istirahat/Ashar/Pergantian Sesi Perkuliahan,,,,,,,,,,,
Sesi 6,15.30 - 16.20,,,,TI402 ( B ),TI406 ( C ),,,,,TINE04 ( A ),TI202 ( A ),TI205 ( D )
,,,,,Pengembangan Aplikasi Basis Data,Pengujian dan Penjaminan Mutu Perangkat Lunak,,,,,Programmable Infrastructure,Algoritma dan Struktur Data,Dasar Jaringan
,,,,,Dosen : AK,Dosen : CO,,,,,Dosen : EP,Dosen : HS,Dosen: NA
,16.20 - 17.10,,,,TI402 ( E ),,,,,,TINE03 ( A ),TI202 ( B ),TI205 ( A )
,,,,,Pengembangan Aplikasi Basis Data,,,,,,Core Network,Algoritma dan Struktur Data,Dasar Jaringan
,,,,,Dosen : AK,,,,,,Dosen : EP,Dosen : HS,Dosen : NA
,17.10 - 18.00,,,,TI402 ( E ),,,,,,TINE03 ( A ),TI202 ( B ),TI205 ( A )
,,,,,Pengembangan Aplikasi Basis Data,,,,,,Core Network,Algoritma dan Struktur Data,Dasar Jaringan
,,,,,Dosen : AK,,,,,,Dosen : EP,Dosen : HS,Dosen : NA
17.45 - 18.30,,Istirahat/Maghrib/Pergantian Sesi Perkuliahan,,,,,,,,,,,
Sesi 7,18.30 - 19.20,,,,TI402 ( E ),,,,,,TINE03 ( A ),TI202 ( B ),TI205 ( A )
,,,,,Pengembangan Aplikasi Basis Data,,,,,,Core Network,Algoritma dan Struktur Data,Dasar Jaringan
,,,,,Dosen : AK,,,,,,Dosen : EP,Dosen : HS,Dosen : NA
,19.20 - 20.10,,,,,,,,,,,,
,,,,,,,,,,,,,
,,,,,,,,,,,,,
,20.10 - 21.00,,,,,,,,,,,,
,,,,,,,,,,,,,
,,,,,,,,,,,,,
,,,,,,,,,,,,,
SESI,JAM,JUMAT,,,,,,,,,,,
,,RKBesar/F6.001,F6.002,F6.003,F6.004,F6.101,F6.102,F6.103,F6.202,F6.203,F4.001,F4.002,F4.003
Sesi 1,07.00 - 07.50,,,,,,,TIPR03 ( C ),,,,,
,,,,,,,,Pemrograman Web Framework,,,,,
,,,,,,,,Dosen : AS,,,,,
,07.50 - 08.40,,,,,,,TIPR03 ( C ),,,,,
,,,,,,,,Pemrograman Web Framework,,,,,
,,,,,,,,Dosen : AS,,,,,
,08.40 - 08.50,Pergantian Sesi,,,,,,,,,,,
Sesi 2,08.50 - 09.40,,TI402 ( D ),AS,,TI406 ( B ),,TIPR03 ( C ),,,,,TIPR04 ( A )
,,,Pengembangan Aplikasi Basis Data,,,Pengujian dan Penjaminan Mutu Perangkat Lunak,,Pemrograman Web Framework,,,,,Pengembangan Aplikasi Mobile Lanjut
,,,Dosen : AK,,,Dosen : CO,,Dosen : AS,,,,,Dosen : HS
,09.40 - 10.30,,TI402 ( D ),AS,,TI406 ( B ),,,,,,,TIPR04 ( A )
,,,Pengembangan Aplikasi Basis Data,,,Pengujian dan Penjaminan Mutu Perangkat Lunak,,,,,,,Pengembangan Aplikasi Mobile Lanjut
,,,Dosen : AK,,,Dosen : CO,,,,,,,Dosen : HS
,10.30 - 10.40,Pergantian Sesi,,,,,,,,,,,
Sesi 3,10.40 - 11.30,,TI402 ( D ),AS,,TI406 ( B ),,,,,,,TIPR04 ( A )
,,,Pengembangan Aplikasi Basis Data,,,Pengujian dan Penjaminan Mutu Perangkat Lunak,,,,,,,Pengembangan Aplikasi Mobile Lanjut
,,,Dosen : AK,,,Dosen : CO,,,,,,,Dosen : HS
11.30 - 12.20,,Istirahat/Dzuhur/Pergantian Sesi Perkuliahan,,,,,,,,,,,
Sesi 4,12.10 - 13.10,,,,,,,,,,,,
,,,,,,,,,,,,,
,,,,,,,,,,,,,
,13.10 - 13.20,Pergantian sesi,,,,,,,,,,,
Sesi 5,13.20 - 14.10,,TI402 ( C ),,,,,TI404 ( E ),TW,,,TIUX04 ( A ),TI202 ( D )
,,,Pengembangan Aplikasi Basis Data,,,,,Keamanan Siber,,,,Desain Game,Algoritma dan Struktur Data
,,,Dosen : AK,,,,,Dosen : CD,,,,Dosen : RG,Dosen : HS
,14.10 - 15.00,,TI402 ( C ),,,,,TI404 ( E ),TW,,,TIUX04 ( A ),TI202 ( D )
,,,Pengembangan Aplikasi Basis Data,,,,,Keamanan Siber,,,,Desain Game,Algoritma dan Struktur Data
,,,Dosen : AK,,,,,Dosen : CD,,,,Dosen : RG,Dosen : HS
,15.00 - 15.30,Istirahat/Ashar/Pergantian Sesi Perkuliahan,,,,,,,,,,,
Sesi 6,15.30 - 16.20,,TI402 ( C ),NA,,,,TI404 ( E ),,,,TIUX04 ( A ),TI202 ( D )
,,,Pengembangan Aplikasi Basis Data,,,,,Keamanan Siber,,,,Desain Game,Algoritma dan Struktur Data
,,,Dosen : AK,,,,,Dosen : CD,,,,Dosen : RG,Dosen : HS
,16.20 - 17.10,,,NA,,,,,,,,,
,,,,,,,,,,,,,
,,,,,,,,,,,,,
,17.10 - 18.00,,,NA,,,,,,,,,
,,,,,,,,,,,,,
,,,,,,,,,,,,,
17.45 - 18.30,,Istirahat/Maghrib/Pergantian Sesi Perkuliahan,,,,,,,,,,,
Sesi 7,18.30 - 19.20,,,,,,,,,,,,
,,,,,,,,,,,,,
,,,,,,,,,,,,,
,19.20 - 20.10,,,,,,,,,,,,
,,,,,,,,,,,,,
,,,,,,,,,,,,,
,20.10 - 21.00,,,,,,,,,,,,
,,,,,,,,,,,,,
,,,,,,,,,,,,,
,,,,,,,,,,,,,
SESI,JAM,SABTU,,,,,,,,,,,
,,RKBesar/F6.001,F6.002,F6.003,F6.004,F6.101,F6.102,F6.103,F6.202,F6.203,F4.001,F4.002,F4.003
Sesi 1,07.00 - 07.50,,,,,,TI605 ( B ),,,,TIPR03 ( A ),,
,,,,,,,Persiapan Toefl,,,,Pemrograman Web Framework,,
,,,,,,,Dosen : TIM,,,,Dosen : AS,,
,07.50 - 08.40,,,,,,TI605 ( B ),,,,TIPR03 ( A ),,
,,,,,,,Persiapan Toefl,,,,Pemrograman Web Framework,,
,,,,,,,Dosen : TIM,,,,Dosen : AS,,
,08.40 - 08.50,Pergantian Sesi,,,,,,,,,,,
Sesi 2,08.50 - 09.40,,,TI208 ( E ),TI408 ( B ),TI408 ( A ),TI605 ( D ),,TI408 ( D ),,TIPR03 ( A ),,
,,,,Bahasa Inggris Menengah,Bahasa Inggris untuk Profesional Bidang Teknologi Informasi,Bahasa Inggris untuk Profesional Bidang Teknologi Informasi,Persiapan Toefl,,Bahasa Inggris untuk Profesional Bidang Teknologi Informasi,,Pemrograman Web Framework,,
,,,,Dosen : TIM,Dosen : TIM,Dosen : TIM,Dosen : TIM,,Dosen : TIM,,Dosen : AS,,
,09.40 - 10.30,,TI605 ( C ),TI208 ( E ),TI408 ( B ),TI408 ( A ),TI605 ( D ),TI605 ( E ),TI408 ( D ),,TIPR03 ( B ),,
,,,Persiapan Toefl,Bahasa Inggris Menengah,Bahasa Inggris untuk Profesional Bidang Teknologi Informasi,Bahasa Inggris untuk Profesional Bidang Teknologi Informasi,Persiapan Toefl,Persiapan Toefl,Bahasa Inggris untuk Profesional Bidang Teknologi Informasi,,Pemrograman Web Framework,,
,,,Dosen : TIM,Dosen : TIM,Dosen : TIM,Dosen : TIM,Dosen : TIM,Dosen : TIM,Dosen : TIM,,Dosen : AS,,
,10.30 - 10.40,Pergantian Sesi,,,,,,,,,,,
Sesi 3,10.40 - 11.30,,TI605 ( C ),TI208 ( D ),TI408 ( F ),TI408 ( E ),,TI605 ( E ),TI408 ( C ),,TIPR03 ( B ),,
,,,Persiapan Toefl,Bahasa Inggris Menengah,Bahasa Inggris untuk Profesional Bidang Teknologi Informasi,Bahasa Inggris untuk Profesional Bidang Teknologi Informasi,,Persiapan Toefl,Bahasa Inggris untuk Profesional Bidang Teknologi Informasi,,Pemrograman Web Framework,,
,,,Dosen : TIM,Dosen : TIM,Dosen : TIM,Dosen : TIM,,Dosen : TIM,Dosen : TIM,,Dosen : AS,,
11.30 - 12.20,,Istirahat/Dzuhur/Pergantian Sesi Perkuliahan,,,,,,,,,,,
Sesi 4,12.10 - 13.10,,TI605 ( A ),TI208 ( D ),TI408 ( F ),TI408 ( E ),,,TI408 ( C ),,TIPR03 ( B ),,
,,,Persiapan Toefl,Bahasa Inggris Menengah,Bahasa Inggris untuk Profesional Bidang Teknologi Informasi,Bahasa Inggris untuk Profesional Bidang Teknologi Informasi,,,Bahasa Inggris untuk Profesional Bidang Teknologi Informasi,,Pemrograman Web Framework,,
,,,Dosen : TIM,Dosen : TIM,Dosen : TIM,Dosen : TIM,,,Dosen : TIM,,Dosen : AS,,
,13.10 - 13.20,Pergantian sesi,,,,,,,,,,,
Sesi 5,13.20 - 14.10,,TI605 ( A ),,,,,,,,,,
,,,Persiapan Toefl,,,,,,,,,,
,,,Dosen : TIM,,,,,,,,,,
,14.10 - 15.00,,,,,,,,,,,,
,,,,,,,,,,,,,
,,,,,,,,,,,,,
,15.00 - 15.30,Istirahat/Ashar/Pergantian Sesi Perkuliahan,,,,,,,,,,,
Sesi 6,15.30 - 16.20,,,,,,,,,,,,
,,,,,,,,,,,,,
,,,,,,,,,,,,,
,16.20 - 17.10,,,,,,,,,,,,
,,,,,,,,,,,,,
,,,,,,,,,,,,,
,17.10 - 18.00,,,,,,,,,,,,
,,,,,,,,,,,,,
,,,,,,,,,,,,,
17.45 - 18.30,,Istirahat/Maghrib/Pergantian Sesi Perkuliahan,,,,,,,,,,,
Sesi 7,18.30 - 19.20,,,,,,,,,,,,
,,,,,,,,,,,,,
,,,,,,,,,,,,,
,19.20 - 20.10,,,,,,,,,,,,
,,,,,,,,,,,,,
,,,,,,,,,,,,,
,20.10 - 21.00,,,,,,,,,,,,